PC1,PC2,Cluster
0.01563908486910675,1.7902300931469926,0
0.0619529158050325,-1.0846250776969055,1
3.5657686842329825,-0.8618555788046628,2
-4.007888650931025,0.9856660602009103,3
1.6434073867736905,-2.724902726696267,4
-2.825831100573813,-0.7564418406828907,5
2.9877079004193834,1.665370025070786,6
5.921552037768017,0.37384910680528294,7
