PC1,PC2,Cluster
3.499054508304694,0.7213512938399201,0
-4.214531898701946,0.6645140037617177,1
1.968375046000503,2.1369552105213963,2
3.4876123286263483,-0.6267205279767264,3
-2.2924524750517374,-1.1963963126457948,4
-1.5865046467022592,1.6813252824200682,5
0.4608902368713295,-0.9138806365863744,6
1.1150897855188537,-2.951343183871079,7
