PC1,PC2,Cluster
3.380180026614998,-1.3201383605720098,0
-4.398788780721093,1.4666602128293562,1
1.9955846125965493,1.794633122226616,2
-2.3525999183112494,0.05295341505425287,3
4.21131651277439,-0.29417864835486945,4
5.015383511583934,-1.8479608884964178,5
-1.1466371484088114,-2.5370784255437475,6
